"Name";"SKU";"ASIN";"FBA stock";"ROI,%";"January 2024";"";"";"";"";"February 2024";"";"";"";"";"";"";"";"";"";"March 2024";"";"";"";"";"";"";"";"";"";"April 2024";"";"";"";"";"";"";"";"";"";"May 2024";"";"";"";"";"";"";"";"";"";"June 2024";"";"";"";"";"";"";"";"";"";"July 2024";"";"";"";"";"";"";"";"";"";"August 2024";"";"";"";"";"";"";"";"";"";"September 2024";"";"";"";"";"";"";"";"";"";"October 2024";"";"";"";"";"";"";"";"";"";"Totals";"";"";""
"";"";"";"";"";"Sales";"Quantity";"Net profit";"Refunds";"% Refunds";"Sales";"Sales change, %";"Quantity";"Quantity deviation, %";"Net profit";"Net profit deviation, %";"Refunds";"Refund deviation, %";"% Refunds";"% Refund deviation, %";"Sales";"Sales change, %";"Quantity";"Quantity deviation, %";"Net profit";"Net profit deviation, %";"Refunds";"Refund deviation, %";"% Refunds";"% Refund deviation, %";"Sales";"Sales change, %";"Quantity";"Quantity deviation, %";"Net profit";"Net profit deviation, %";"Refunds";"Refund deviation, %";"% Refunds";"% Refund deviation, %";"Sales";"Sales change, %";"Quantity";"Quantity deviation, %";"Net profit";"Net profit deviation, %";"Refunds";"Refund deviation, %";"% Refunds";"% Refund deviation, %";"Sales";"Sales change, %";"Quantity";"Quantity deviation, %";"Net profit";"Net profit deviation, %";"Refunds";"Refund deviation, %";"% Refunds";"% Refund deviation, %";"Sales";"Sales change, %";"Quantity";"Quantity deviation, %";"Net profit";"Net profit deviation, %";"Refunds";"Refund deviation, %";"% Refunds";"% Refund deviation, %";"Sales";"Sales change, %";"Quantity";"Quantity deviation, %";"Net profit";"Net profit deviation, %";"Refunds";"Refund deviation, %";"% Refunds";"% Refund deviation, %";"Sales";"Sales change, %";"Quantity";"Quantity deviation, %";"Net profit";"Net profit deviation, %";"Refunds";"Refund deviation, %";"% Refunds";"% Refund deviation, %";"Sales";"Sales change, %";"Quantity";"Quantity deviation, %";"Net profit";"Net profit deviation, %";"Refunds";"Refund deviation, %";"% Refunds";"% Refund deviation, %";"Sales";"Quantity";"Refunds";"% Refunds"
"SmellWell - Scented Shoe Deodorizer Inserts - Odor Eliminators - Activated Bamboo Charcoal + Minerals - Natural Freshenes for shoes, bags, gloves - 2 x 1.8oz Original Size Camo Green";"G2-8BYT-BTMD";"B07VYVYYRX";"0";"-88";"8,207.65";"637";"-1,627.67";"6";"0.94";"11,473.70";"39.79";"886";"39.09";"-1,092.56";"-32.88";"6";"";"0.68";"-28.10";"5,218.85";"-54.51";"405";"-54.29";"-211.11";"-80.68";"9";"50.00";"2.22";"228.15";"2,781.65";"-46.70";"215";"-46.91";"-986.86";"367.46";"1";"-88.89";"0.47";"-79.07";"2,512.30";"-9.68";"194";"-9.77";"-866.75";"-12.17";"1";"";"0.52";"10.82";"1,306.65";"-47.99";"101";"-47.94";"-380.17";"-56.14";"0";"-100.00";"0.00";"-100.00";"3,522.40";"169.57";"272";"169.31";"-1,101.84";"189.83";"3";"";"1.10";"0.00";"7,005.95";"98.90";"541";"98.90";"-343.80";"-68.80";"6";"100.00";"1.11";"0.55";"518.00";"-92.61";"40";"-92.61";"-211.90";"-38.37";"5";"-16.67";"12.50";"1,027.08";"0.00";"-100.00";"0";"-100.00";"0.00";"-100.00";"0";"-100.00";"0.00";"0.00";"42,547.15";"3,291";"37";"1.12"
"SmellWell - Scented Shoe Deodorizer Inserts - Odor Eliminators - Activated Bamboo Charcoal + Minerals - Natural Freshenes for shoes, bags, gloves - 2 x 1.8oz Original Size Black Zebra";"1514";"B07P15RVRP";"778";"0";"0.00";"0";"0.00";"0";"0.00";"0.00";"";"0";"";"0.00";"";"0";"";"0.00";"0.00";"0.00";"";"0";"";"0.00";"";"0";"";"0.00";"0.00";"0.00";"";"0";"";"0.00";"";"0";"";"0.00";"0.00";"0.00";"";"0";"";"-1.10";"";"0";"";"0.00";"0.00";"479.15";"";"37";"";"-219.15";"19,822.73";"0";"";"0.00";"0.00";"3,133.90";"554.05";"243";"556.76";"1,212.44";"-653.25";"3";"";"1.23";"0.00";"5,400.15";"72.31";"417";"71.60";"1,725.78";"42.34";"3";"";"0.72";"-41.73";"7,899.50";"46.28";"612";"46.76";"1,148.76";"-33.44";"6";"100.00";"0.98";"36.27";"1,191.40";"-84.92";"92";"-84.97";"112.95";"-90.17";"0";"-100.00";"0.00";"-100.00";"18,104.10";"1,401";"12";"0.86"
"SmellWell - Scented Shoe Deodorizer Inserts - Odor Eliminators - Activated Bamboo Charcoal + Minerals - Natural Freshenes for shoes, bags, gloves - 2 x 1.8oz Original Size Geometric Orange";"1516";"B07W43Q5VL";"0";"162";"1,709.40";"132";"583.73";"0";"0.00";"3,613.05";"111.36";"279";"111.36";"1,332.97";"128.35";"1";"";"0.36";"0.00";"854.70";"-76.34";"66";"-76.34";"261.00";"-80.42";"2";"100.00";"3.03";"745.45";"12.95";"-98.48";"1";"-98.48";"-4.24";"-101.62";"1";"-50.00";"100.00";"3,200.00";"0.00";"-100.00";"0";"-100.00";"14.66";"-445.75";"0";"-100.00";"0.00";"0.00";"12.95";"";"1";"";"1.85";"-87.38";"0";"";"0.00";"0.00";"673.40";"5,100.00";"52";"5,100.00";"1.50";"-18.92";"2";"";"3.85";"0.00";"4,027.45";"498.08";"312";"500.00";"1,867.30";"124,386.67";"1";"-50.00";"0.32";"-91.67";"3,972.10";"-1.37";"339";"8.65";"825.45";"-55.79";"6";"500.00";"1.77";"452.21";"284.90";"-92.83";"22";"-93.51";"61.63";"-92.53";"1";"-83.33";"4.55";"156.82";"15,160.90";"1,204";"14";"1.16"
"SmellWell - Scented Shoe Deodorizer Inserts - Odor Eliminators - Activated Bamboo Charcoal + Minerals - Natural Freshenes for shoes, bags, gloves - 2 x 1.8oz Original Size Pink Zebra";"72-51XS-IH64";"B07VYVYPBW";"0";"-41";"2,095.25";"163";"-228.53";"3";"1.84";"4,286.45";"104.58";"331";"103.07";"-157.53";"-31.07";"1";"-66.67";"0.30";"-83.59";"1,592.85";"-62.84";"123";"-62.84";"-14.07";"-91.07";"4";"300.00";"3.25";"976.42";"1,033.40";"-35.12";"80";"-34.96";"-228.91";"1,526.94";"1";"-75.00";"1.25";"-61.56";"556.85";"-46.11";"43";"-46.25";"-105.88";"-53.75";"1";"";"2.33";"86.05";"335.40";"-39.77";"26";"-39.53";"-166.92";"57.65";"0";"-100.00";"0.00";"-100.00";"1,579.90";"371.05";"123";"373.08";"-137.77";"-17.46";"4";"";"3.25";"0.00";"2,447.55";"54.92";"189";"53.66";"218.36";"-258.50";"3";"-25.00";"1.59";"-51.19";"1,191.40";"-51.32";"92";"-51.32";"-312.26";"-243.00";"4";"33.33";"4.35";"173.91";"12.95";"-98.91";"1";"-98.91";"-3.65";"-98.83";"0";"-100.00";"0.00";"-100.00";"15,132.00";"1,171";"21";"1.79"
"SmellWell - Scented Shoe Deodorizer Inserts - Odor Eliminators - Activated Bamboo Charcoal + Minerals - Natural Freshenes for shoes, bags, gloves - 2 x 1.8oz Original Size Hawaii Floral";"RX-EN0R-CPO2";"B07VZW1YK6";"170";"31";"25.90";"2";"19.69";"0";"0.00";"12.95";"-50.00";"1";"-50.00";"3.84";"-80.50";"0";"";"0.00";"0.00";"12.95";"";"1";"";"3.32";"-13.54";"0";"";"0.00";"0.00";"38.85";"200.00";"3";"200.00";"9.95";"199.70";"0";"";"0.00";"0.00";"0.00";"-100.00";"0";"-100.00";"-11.01";"-210.65";"1";"";"0.00";"0.00";"828.80";"";"64";"";"26.76";"-343.05";"1";"";"1.56";"0.00";"1,437.45";"73.44";"111";"73.44";"-97.18";"-463.15";"1";"";"0.90";"-42.34";"2,654.75";"84.68";"205";"84.68";"624.49";"-742.61";"1";"";"0.49";"-45.85";"2,499.35";"-5.85";"193";"-5.85";"-129.56";"-120.75";"4";"300.00";"2.07";"324.87";"297.85";"-88.08";"23";"-88.08";"-2.54";"-98.04";"0";"-100.00";"0.00";"-100.00";"7,808.85";"603";"8";"1.33"
"SmellWell - Scented Shoe Deodorizer Inserts - Odor Eliminators - Activated Bamboo Charcoal + Minerals - Natural Freshenes for shoes, bags, gloves - 2 x 1.8oz Original Size Black Zebra";"1514-FBM";"B07P15RVRP";"0";"50";"0.00";"0";"0.00";"0";"0.00";"0.00";"";"0";"";"0.00";"";"0";"";"0.00";"0.00";"3,738.75";"";"285";"";"605.98";"";"1";"";"0.35";"0.00";"2,771.30";"-25.88";"214";"-24.91";"189.81";"-68.68";"3";"200.00";"1.40";"299.53";"249.20";"-91.01";"16";"-92.52";"-153.12";"-180.67";"2";"-33.33";"12.50";"791.67";"507.25";"103.55";"35";"118.75";"1.55";"-101.01";"1";"-50.00";"2.86";"-77.14";"0.00";"-100.00";"0";"-100.00";"0.00";"-100.00";"0";"-100.00";"0.00";"0.00";"0.00";"";"0";"";"0.00";"";"0";"";"0.00";"0.00";"12.95";"";"1";"";"1.05";"";"0";"";"0.00";"0.00";"0.00";"-100.00";"0";"-100.00";"0.00";"-100.00";"0";"";"0.00";"0.00";"7,279.45";"551";"7";"1.27"
"SmellWell - 4-Pack Scented Shoe Deodorizer Inserts - Odor Eliminators - Activated Bamboo Charcoal + Minerals - Natural Freshenes for shoes, bags, gloves - 8 x 1.8oz Original Size Black Zebra";"1514-4-FBM";"B0CXJ1T6QJ";"52";"230";"0.00";"0";"0.00";"0";"0.00";"0.00";"";"0";"";"0.00";"";"0";"";"0.00";"0.00";"1,318.35";"";"33";"";"741.94";"";"0";"";"0.00";"0.00";"1,158.55";"-12.12";"29";"-12.12";"645.49";"-13.00";"0";"";"0.00";"0.00";"519.35";"-55.17";"13";"-55.17";"273.86";"-57.57";"0";"";"0.00";"0.00";"918.85";"76.92";"23";"76.92";"520.32";"89.99";"0";"";"0.00";"0.00";"958.80";"4.35";"24";"4.35";"514.14";"-1.19";"0";"";"0.00";"0.00";"1,484.15";"54.79";"37";"54.17";"723.19";"40.66";"3";"";"8.11";"0.00";"713.15";"-51.95";"17";"-54.05";"355.64";"-50.82";"1";"-66.67";"5.88";"-27.45";"167.80";"-76.47";"4";"-76.47";"97.94";"-72.46";"0";"-100.00";"0.00";"-100.00";"7,239.00";"180";"4";"2.22"
"SmellWell - Scented Shoe Deodorizer Inserts - Odor Eliminators - Activated Bamboo Charcoal + Minerals - Natural Freshenes for shoes, bags, gloves - 2 x 1.8oz Original Size White Stripes";"1521";"B0BSLQQ95W";"0";"99";"0.00";"0";"0.00";"0";"0.00";"0.00";"";"0";"";"0.00";"";"0";"";"0.00";"0.00";"169.45";"";"11";"";"11.45";"";"0";"";"0.00";"0.00";"1,424.50";"740.66";"110";"900.00";"210.15";"1,735.37";"1";"";"0.91";"0.00";"2,719.50";"90.91";"210";"90.91";"470.86";"124.06";"4";"300.00";"1.90";"109.52";"1,087.80";"-60.00";"84";"-60.00";"234.58";"-50.18";"1";"-75.00";"1.19";"-37.50";"414.40";"-61.90";"32";"-61.90";"16.79";"-92.84";"2";"100.00";"6.25";"425.00";"1,230.25";"196.88";"95";"196.88";"325.64";"1,839.49";"3";"50.00";"3.16";"-49.47";"38.85";"-96.84";"3";"-96.84";"-6.54";"-102.01";"1";"-66.67";"33.33";"955.56";"0.00";"-100.00";"0";"-100.00";"0.00";"-100.00";"0";"-100.00";"0.00";"0.00";"7,084.75";"545";"12";"2.20"
"SmellWell - Scented Shoe Deodorizer Inserts - Odor Eliminators - Activated Bamboo Charcoal + Minerals - Natural Freshenes for shoes, bags, gloves - 2 x 1.8oz Original Size Black Zebra";"HW-L5A0-F1BN";"B07P15RVRP";"778";"42";"3,597.45";"281";"782.85";"5";"1.78";"168.35";"-95.32";"13";"-95.37";"-1.25";"-100.16";"2";"-60.00";"15.38";"764.62";"388.50";"130.77";"30";"130.77";"-16.01";"1,180.80";"1";"-50.00";"3.33";"-78.33";"437.70";"12.66";"34";"13.33";"-91.22";"469.77";"0";"-100.00";"0.00";"-100.00";"1,191.40";"172.20";"92";"170.59";"2.07";"-102.27";"1";"";"1.09";"0.00";"115.25";"-90.33";"9";"-90.22";"22.27";"975.85";"0";"-100.00";"0.00";"-100.00";"0.00";"-100.00";"0";"-100.00";"-20.55";"-192.28";"0";"";"0.00";"0.00";"0.00";"";"0";"";"0.00";"-100.00";"0";"";"0.00";"0.00";"0.00";"";"0";"";"-227.36";"";"0";"";"0.00";"0.00";"0.00";"";"0";"";"0.00";"-100.00";"0";"";"0.00";"0.00";"5,898.65";"459";"9";"1.96"
"SmellWell - 3-Pack Scented Shoe Deodorizer Inserts - Odor Eliminators - Activated Bamboo Charcoal + Minerals - Natural Freshenes for Shoes, Bags, Gloves - 6 x 1.8oz Original Size Black Zebra";"1514-3-FBM";"B09739J698";"56";"263";"0.00";"0";"0.00";"0";"0.00";"0.00";"";"0";"";"0.00";"";"0";"";"0.00";"0.00";"1,293.25";"";"35";"";"483.42";"";"0";"";"0.00";"0.00";"591.20";"-54.29";"16";"-54.29";"297.98";"-38.36";"0";"";"0.00";"0.00";"110.85";"-81.25";"3";"-81.25";"0.42";"-99.86";"0";"";"0.00";"0.00";"110.85";"";"3";"";"47.96";"11,319.05";"0";"";"0.00";"0.00";"480.35";"333.33";"13";"333.33";"267.62";"458.01";"0";"";"0.00";"0.00";"1,079.15";"124.66";"29";"123.08";"651.46";"143.43";"0";"";"0.00";"0.00";"1,204.35";"11.60";"31";"6.90";"639.26";"-1.87";"1";"";"3.23";"0.00";"155.40";"-87.10";"4";"-87.10";"92.70";"-85.50";"0";"-100.00";"0.00";"-100.00";"5,025.40";"134";"1";"0.75"
"SmellWell - 3-Pack Scented Shoe Deodorizer Inserts - Odor Eliminators - Activated Bamboo Charcoal + Minerals - Natural Freshenes for shoes, bags, gloves - 6 x 1.8oz Original Size Camo Green";"1510-3";"B0BXPGVPD2";"0";"180";"1,168.05";"39";"303.95";"0";"0.00";"29.95";"-97.44";"1";"-97.44";"39.60";"-86.97";"0";"";"0.00";"0.00";"0.00";"-100.00";"0";"-100.00";"0.00";"-100.00";"0";"";"0.00";"0.00";"0.00";"";"0";"";"0.00";"";"0";"";"0.00";"0.00";"36.95";"";"1";"";"12.48";"";"0";"";"0.00";"0.00";"1,071.55";"2,800.00";"29";"2,800.00";"414.61";"3,222.20";"0";"";"0.00";"0.00";"702.05";"-34.48";"19";"-34.48";"307.65";"-25.80";"1";"";"5.26";"0.00";"332.55";"-52.63";"9";"-52.63";"189.83";"-38.30";"0";"-100.00";"0.00";"-100.00";"0.00";"-100.00";"0";"-100.00";"0.00";"-100.00";"0";"";"0.00";"0.00";"0.00";"";"0";"";"0.00";"";"0";"";"0.00";"0.00";"3,341.10";"98";"1";"1.02"
"SmellWell - 3-Pack Scented Shoe Deodorizer Inserts - Odor Eliminators - Activated Bamboo Charcoal + Minerals - Natural Freshenes for shoes, bags, gloves - 6 x 1.8oz Original Size Hawaii Floral";"1509-3";"B097393QB6";"55";"275";"119.80";"4";"-9.88";"0";"0.00";"0.00";"-100.00";"0";"-100.00";"0.00";"-100.00";"0";"";"0.00";"0.00";"0.00";"";"0";"";"-0.12";"";"0";"";"0.00";"0.00";"0.00";"";"0";"";"-0.03";"-75.00";"0";"";"0.00";"0.00";"73.90";"";"2";"";"33.37";"-111,333.33";"0";"";"0.00";"0.00";"591.20";"700.00";"16";"700.00";"285.74";"756.28";"0";"";"0.00";"0.00";"554.25";"-6.25";"15";"-6.25";"309.83";"8.43";"0";"";"0.00";"0.00";"931.35";"68.04";"25";"66.67";"552.31";"78.26";"0";"";"0.00";"0.00";"777.00";"-16.57";"20";"-20.00";"416.52";"-24.59";"0";"";"0.00";"0.00";"0.00";"-100.00";"0";"-100.00";"-1.42";"-100.34";"0";"";"0.00";"0.00";"3,047.50";"82";"0";"0.00"
"SmellWell Freshener Bag - Black - The Ultimate Shoebag With Built In Activated Bamboo Charcoal Inserts for Odor Eliminating and Moisture Absorbing - Keep shoes and smaller gear fresh longer";"6009";"B09FVML51L";"0";"163";"274.45";"11";"115.22";"0";"0.00";"149.70";"-45.45";"6";"-45.45";"50.14";"-56.48";"1";"";"16.67";"0.00";"687.70";"359.39";"26";"333.33";"308.24";"514.76";"0";"-100.00";"0.00";"-100.00";"466.15";"-32.22";"17";"-34.62";"192.79";"-37.45";"1";"";"5.88";"0.00";"398.25";"-14.57";"15";"-11.76";"191.57";"-0.63";"0";"-100.00";"0.00";"-100.00";"279.50";"-29.82";"10";"-33.33";"128.56";"-32.89";"0";"";"0.00";"0.00";"245.55";"-12.15";"9";"-10.00";"117.78";"-8.39";"0";"";"0.00";"0.00";"0.00";"-100.00";"0";"-100.00";"0.00";"-100.00";"0";"";"0.00";"0.00";"0.00";"";"0";"";"0.00";"";"0";"";"0.00";"0.00";"0.00";"";"0";"";"0.00";"";"0";"";"0.00";"0.00";"2,501.30";"94";"2";"2.13"
"SmellWell Freshener Bag - Blue - The Ultimate Shoebag With Built In Activated Bamboo Charcoal Inserts for Odor Eliminating and Moisture Absorbing - Keep shoes and smaller gear fresh longer";"6010";"B09FVNGXCS";"0";"97";"199.60";"8";"-58.95";"0";"0.00";"99.80";"-50.00";"4";"-50.00";"-34.17";"-42.04";"1";"";"25.00";"0.00";"177.65";"78.01";"7";"75.00";"87.02";"-354.67";"0";"-100.00";"0.00";"-100.00";"80.85";"-54.49";"3";"-57.14";"37.70";"-56.68";"0";"";"0.00";"0.00";"52.90";"-34.57";"2";"-33.33";"25.20";"-33.16";"0";"";"0.00";"0.00";"55.90";"5.67";"2";"";"24.81";"-1.55";"0";"";"0.00";"0.00";"55.90";"";"2";"";"24.37";"-1.77";"0";"";"0.00";"0.00";"158.70";"183.90";"6";"200.00";"73.66";"202.26";"0";"";"0.00";"0.00";"354.35";"123.28";"13";"116.67";"149.66";"103.18";"0";"";"0.00";"0.00";"0.00";"-100.00";"0";"-100.00";"0.00";"-100.00";"0";"";"0.00";"0.00";"1,235.65";"47";"1";"2.13"
"SmellWell - 4-Pack Scented Shoe Deodorizer Inserts - Odor Eliminators - Activated Bamboo Charcoal + Minerals - Natural Freshenes for shoes, bags, gloves - 8 x 1.8oz Original Size Green Camo";"1510-4-FBM";"B0D25XHMB9";"0";"0";"0.00";"0";"0.00";"0";"0.00";"0.00";"";"0";"";"0.00";"";"0";"";"0.00";"0.00";"0.00";"";"0";"";"0.00";"";"0";"";"0.00";"0.00";"0.00";"";"0";"";"0.00";"";"0";"";"0.00";"0.00";"599.25";"";"15";"";"469.51";"";"1";"";"6.67";"0.00";"39.95";"-93.33";"1";"-93.33";"32.46";"-93.09";"0";"-100.00";"0.00";"-100.00";"79.90";"100.00";"2";"100.00";"64.92";"100.00";"0";"";"0.00";"0.00";"239.70";"200.00";"6";"200.00";"194.76";"200.00";"0";"";"0.00";"0.00";"0.00";"-100.00";"0";"-100.00";"0.00";"-100.00";"0";"";"0.00";"0.00";"0.00";"";"0";"";"0.00";"";"0";"";"0.00";"0.00";"958.80";"24";"1";"4.17"
"SmellWell Freshener Bag XL - Blue - The Ultimate Shoebag With Built In Activated Bamboo Charcoal Inserts for Odor Eliminating and Moisture Absorbing - Keep shoes and gear fresh longer";"6110-FBM";"B09FVPY15K";"11";"204";"0.00";"0";"0.00";"0";"0.00";"0.00";"";"0";"";"0.00";"";"0";"";"0.00";"0.00";"104.85";"";"3";"";"54.78";"";"0";"";"0.00";"0.00";"174.75";"66.67";"5";"66.67";"95.68";"74.66";"0";"";"0.00";"0.00";"34.95";"-80.00";"1";"-80.00";"19.21";"-79.92";"0";"";"0.00";"0.00";"34.95";"";"1";"";"19.13";"-0.42";"0";"";"0.00";"0.00";"104.85";"200.00";"3";"200.00";"57.24";"199.22";"0";"";"0.00";"0.00";"69.90";"-33.33";"2";"-33.33";"36.97";"-35.41";"0";"";"0.00";"0.00";"244.65";"250.00";"7";"250.00";"129.18";"249.42";"0";"";"0.00";"0.00";"69.90";"-71.43";"2";"-71.43";"37.65";"-70.85";"0";"";"0.00";"0.00";"838.80";"24";"0";"0.00"
"SmellWell - 3-Pack Scented Shoe Deodorizer Inserts - Odor Eliminators - Activated Bamboo Charcoal + Minerals - Natural Freshenes for Shoes, Bags, Gloves - 6 x 1.8oz Original Size Black Zebra";"1514-3";"B09739J698";"0";"62";"718.80";"25";"113.57";"1";"4.00";"89.85";"-87.50";"3";"-88.00";"16.93";"-85.09";"2";"100.00";"66.67";"1,566.67";"0.00";"-100.00";"0";"-100.00";"-1.15";"-106.79";"0";"-100.00";"0.00";"0.00";"0.00";"";"0";"";"-0.04";"-96.52";"0";"";"0.00";"0.00";"0.00";"";"0";"";"0.00";"-100.00";"0";"";"0.00";"0.00";"0.00";"";"0";"";"-2.63";"";"0";"";"0.00";"0.00";"0.00";"";"0";"";"0.00";"-100.00";"0";"";"0.00";"0.00";"0.00";"";"0";"";"0.00";"";"0";"";"0.00";"0.00";"0.00";"";"0";"";"-0.06";"";"0";"";"0.00";"0.00";"0.00";"";"0";"";"0.00";"-100.00";"0";"";"0.00";"0.00";"808.65";"28";"3";"10.71"
"SmellWell Freshener Bag - Blue - The Ultimate Shoebag With Built In Activated Bamboo Charcoal Inserts for Odor Eliminating and Moisture Absorbing - Keep shoes and smaller gear fresh longer";"6010-FBM";"B09FVNGXCS";"47";"164";"0.00";"0";"0.00";"0";"0.00";"0.00";"";"0";"";"0.00";"";"0";"";"0.00";"0.00";"80.85";"";"3";"";"34.92";"";"0";"";"0.00";"0.00";"136.75";"69.14";"5";"66.67";"62.30";"78.41";"0";"";"0.00";"0.00";"77.85";"-43.07";"3";"-40.00";"38.43";"-38.31";"0";"";"0.00";"0.00";"83.85";"7.71";"3";"";"36.94";"-3.88";"0";"";"0.00";"0.00";"83.85";"";"3";"";"37.45";"1.38";"0";"";"0.00";"0.00";"52.90";"-36.91";"2";"-33.33";"23.69";"-36.74";"0";"";"0.00";"0.00";"195.65";"269.85";"7";"250.00";"74.88";"216.08";"0";"";"0.00";"0.00";"0.00";"-100.00";"0";"-100.00";"-1.54";"-102.06";"0";"";"0.00";"0.00";"711.70";"26";"0";"0.00"
"SmellWell - 24 Pack Scented Shoe Deodorizer Inserts - Odor Eliminators - Activated Bamboo Charcoal + Minerals - Natural Freshenes for shoes, bags, gloves - 48 x 1.8oz Team Pack";"1404-FBM";"B0D4QMWM63";"9";"0";"0.00";"0";"0.00";"0";"0.00";"0.00";"";"0";"";"0.00";"";"0";"";"0.00";"0.00";"0.00";"";"0";"";"0.00";"";"0";"";"0.00";"0.00";"0.00";"";"0";"";"0.00";"";"0";"";"0.00";"0.00";"0.00";"";"0";"";"0.00";"";"0";"";"0.00";"0.00";"0.00";"";"0";"";"0.00";"";"0";"";"0.00";"0.00";"0.00";"";"0";"";"0.00";"";"0";"";"0.00";"0.00";"210.00";"";"1";"";"170.62";"";"0";"";"0.00";"0.00";"210.00";"";"1";"";"170.62";"";"0";"";"0.00";"0.00";"0.00";"-100.00";"0";"-100.00";"0.00";"-100.00";"0";"";"0.00";"0.00";"420.00";"2";"0";"0.00"
"SmellWell Freshener Bag - Pink - The Ultimate Shoebag With Built In Activated Bamboo Charcoal Inserts for Odor Eliminating and Moisture Absorbing - Keep shoes and smaller gear fresh longer";"6011";"B09FVLL86F";"0";"151";"24.95";"1";"8.13";"0";"0.00";"0.00";"-100.00";"0";"-100.00";"0.00";"-100.00";"0";"";"0.00";"0.00";"0.00";"";"0";"";"-0.12";"";"0";"";"0.00";"0.00";"133.75";"";"5";"";"61.85";"-51,641.67";"0";"";"0.00";"0.00";"74.85";"-44.04";"3";"-40.00";"38.87";"-37.15";"0";"";"0.00";"0.00";"99.80";"33.33";"4";"33.33";"30.91";"-20.48";"1";"";"25.00";"0.00";"0.00";"-100.00";"0";"-100.00";"0.00";"-100.00";"0";"-100.00";"0.00";"0.00";"24.95";"";"1";"";"12.70";"";"0";"";"0.00";"0.00";"0.00";"-100.00";"0";"-100.00";"0.00";"-100.00";"0";"";"0.00";"0.00";"0.00";"";"0";"";"0.00";"";"0";"";"0.00";"0.00";"358.30";"14";"1";"7.14"
"SmellWell Freshener Bag - Orange - The Ultimate Shoebag With Built In Activated Bamboo Charcoal Inserts for Odor Eliminating and Moisture Absorbing - Keep shoes and smaller gear fresh longer";"6012";"B09FVKGRKC";"0";"-114";"0.00";"0";"-86.87";"0";"0.00";"24.95";"";"1";"";"-164.19";"89.01";"0";"";"0.00";"0.00";"24.95";"";"1";"";"10.42";"-106.35";"0";"";"0.00";"0.00";"52.90";"112.02";"2";"100.00";"25.51";"144.82";"0";"";"0.00";"0.00";"27.95";"-47.16";"1";"-50.00";"12.50";"-51.00";"0";"";"0.00";"0.00";"0.00";"-100.00";"0";"-100.00";"0.00";"-100.00";"0";"";"0.00";"0.00";"24.95";"";"1";"";"12.99";"";"0";"";"0.00";"0.00";"74.85";"200.00";"3";"200.00";"38.83";"198.92";"0";"";"0.00";"0.00";"83.85";"12.02";"3";"";"32.22";"-17.02";"0";"";"0.00";"0.00";"27.95";"-66.67";"1";"-66.67";"12.15";"-62.29";"0";"";"0.00";"0.00";"342.35";"13";"0";"0.00"
"SmellWell Freshener Bag - Hawaii Floral - The Ultimate Shoebag With Built In Activated Bamboo Charcoal Inserts for Odor Eliminating and Moisture Absorbing - Keep shoes and smaller gear fresh longer";"6013";"B09FVN87PX";"0";"115";"74.85";"3";"10.62";"1";"33.33";"0.00";"-100.00";"0";"-100.00";"0.00";"-100.00";"0";"-100.00";"0.00";"0.00";"83.85";"";"3";"";"34.81";"";"0";"";"0.00";"0.00";"83.85";"";"3";"";"37.28";"7.10";"0";"";"0.00";"0.00";"80.85";"-3.58";"3";"";"16.81";"-54.91";"1";"";"33.33";"0.00";"0.00";"-100.00";"0";"-100.00";"0.00";"-100.00";"0";"-100.00";"0.00";"0.00";"0.00";"";"0";"";"0.00";"";"0";"";"0.00";"0.00";"0.00";"";"0";"";"0.00";"";"0";"";"0.00";"0.00";"0.00";"";"0";"";"0.00";"";"0";"";"0.00";"0.00";"0.00";"";"0";"";"0.00";"";"0";"";"0.00";"0.00";"323.40";"12";"2";"16.67"
"SmellWell Freshener Bag XL - Orange - The Ultimate Shoebag With Built In Activated Bamboo Charcoal Inserts for Odor Eliminating and Moisture Absorbing - Keep shoes and gear fresh longer";"6112-FBM";"B09FVKZSTS";"39";"196";"0.00";"0";"0.00";"0";"0.00";"0.00";"";"0";"";"0.00";"";"0";"";"0.00";"0.00";"69.90";"";"2";"";"34.49";"";"0";"";"0.00";"0.00";"0.00";"-100.00";"0";"-100.00";"-0.03";"-100.09";"0";"";"0.00";"0.00";"69.90";"";"2";"";"38.07";"-127,000.00";"0";"";"0.00";"0.00";"34.95";"-50.00";"1";"-50.00";"19.21";"-49.54";"0";"";"0.00";"0.00";"0.00";"-100.00";"0";"-100.00";"0.00";"-100.00";"0";"";"0.00";"0.00";"0.00";"";"0";"";"0.00";"";"0";"";"0.00";"0.00";"69.90";"";"2";"";"35.30";"";"0";"";"0.00";"0.00";"0.00";"-100.00";"0";"-100.00";"-1.20";"-103.40";"0";"";"0.00";"0.00";"244.65";"7";"0";"0.00"
"SmellWell Odour Eliminating Air Purifying Bags (2 Pack | 250g) Activated Bamboo Charcoal Air Freshener for use from Gym to Car to Home (Black Stone, XL)";"2511";"B07P3FHFTF";"0";"125";"107.70";"6";"17.82";"1";"16.67";"0.00";"-100.00";"0";"-100.00";"-0.01";"-100.06";"0";"-100.00";"0.00";"0.00";"77.80";"";"4";"";"51.69";"-517,000.00";"0";"";"0.00";"0.00";"0.00";"-100.00";"0";"-100.00";"-17.82";"-134.47";"1";"";"0.00";"0.00";"0.00";"";"0";"";"-0.01";"-99.94";"0";"-100.00";"0.00";"0.00";"0.00";"";"0";"";"0.00";"-100.00";"0";"";"0.00";"0.00";"0.00";"";"0";"";"0.00";"";"0";"";"0.00";"0.00";"0.00";"";"0";"";"0.00";"";"0";"";"0.00";"0.00";"0.00";"";"0";"";"0.00";"";"0";"";"0.00";"0.00";"0.00";"";"0";"";"0.00";"";"0";"";"0.00";"0.00";"185.50";"10";"2";"20.00"
"SmellWell Freshener Bag - Orange - The Ultimate Shoebag With Built In Activated Bamboo Charcoal Inserts for Odor Eliminating and Moisture Absorbing - Keep shoes and smaller gear fresh longer";"6012-FBM";"B09FVKGRKC";"85";"167";"0.00";"0";"0.00";"0";"0.00";"0.00";"";"0";"";"0.00";"";"0";"";"0.00";"0.00";"27.95";"";"1";"";"9.86";"";"0";"";"0.00";"0.00";"27.95";"";"1";"";"12.23";"24.04";"0";"";"0.00";"0.00";"24.95";"-10.73";"1";"";"13.02";"6.46";"0";"";"0.00";"0.00";"0.00";"-100.00";"0";"-100.00";"0.00";"-100.00";"0";"";"0.00";"0.00";"27.95";"";"1";"";"12.49";"";"0";"";"0.00";"0.00";"24.95";"-10.73";"1";"";"12.79";"2.40";"0";"";"0.00";"0.00";"24.95";"";"1";"";"12.65";"-1.09";"0";"";"0.00";"0.00";"0.00";"-100.00";"0";"-100.00";"-0.66";"-105.22";"0";"";"0.00";"0.00";"158.70";"6";"0";"0.00"
"SmellWell - Scented Shoe Deodorizer Inserts - Odor Eliminators - Activated Bamboo Charcoal + Minerals - Natural Freshenes for shoes, bags, gloves - 2 x 1.8oz Original Size Camo Green";"1510";"B07P3FHFT7";"87";"0";"0.00";"0";"0.00";"0";"0.00";"0.00";"";"0";"";"0.00";"";"0";"";"0.00";"0.00";"0.00";"";"0";"";"0.00";"";"0";"";"0.00";"0.00";"0.00";"";"0";"";"0.00";"";"0";"";"0.00";"0.00";"0.00";"";"0";"";"0.00";"";"0";"";"0.00";"0.00";"0.00";"";"0";"";"0.00";"";"0";"";"0.00";"0.00";"0.00";"";"0";"";"0.00";"";"0";"";"0.00";"0.00";"0.00";"";"0";"";"0.00";"";"0";"";"0.00";"0.00";"0.00";"";"0";"";"-114.21";"";"0";"";"0.00";"0.00";"116.55";"";"9";"";"63.99";"-156.03";"0";"";"0.00";"0.00";"116.55";"9";"0";"0.00"
"SmellWell - Scented Shoe Deodorizer Inserts - Odor Eliminators - Activated Bamboo Charcoal + Minerals - Natural Freshenes for Shoes, Bags, Gloves - 2 x 1.8oz Original Size Hawaii Floral";"1509";"B07N789J5K";"235";"0";"0.00";"0";"0.00";"0";"0.00";"0.00";"";"0";"";"0.00";"";"0";"";"0.00";"0.00";"0.00";"";"0";"";"0.00";"";"0";"";"0.00";"0.00";"0.00";"";"0";"";"0.00";"";"0";"";"0.00";"0.00";"0.00";"";"0";"";"0.00";"";"0";"";"0.00";"0.00";"0.00";"";"0";"";"0.00";"";"0";"";"0.00";"0.00";"0.00";"";"0";"";"0.00";"";"0";"";"0.00";"0.00";"0.00";"";"0";"";"0.00";"";"0";"";"0.00";"0.00";"90.65";"";"7";"";"-75.35";"";"0";"";"0.00";"0.00";"0.00";"-100.00";"0";"-100.00";"0.00";"-100.00";"0";"";"0.00";"0.00";"90.65";"7";"0";"0.00"
"SmellWell Freshener Bag XL - Black - The Ultimate Shoebag With Built In Activated Bamboo Charcoal Inserts for Odor Eliminating and Moisture Absorbing - Keep shoes and gear fresh longer";"6109";"B09FVFKGT7";"0";"-30";"34.95";"1";"-2.72";"0";"0.00";"0.00";"-100.00";"0";"-100.00";"0.00";"-100.00";"0";"";"0.00";"0.00";"0.00";"";"0";"";"0.00";"";"0";"";"0.00";"0.00";"0.00";"";"0";"";"0.00";"";"0";"";"0.00";"0.00";"0.00";"";"0";"";"0.00";"";"0";"";"0.00";"0.00";"0.00";"";"0";"";"0.00";"";"0";"";"0.00";"0.00";"0.00";"";"0";"";"0.00";"";"0";"";"0.00";"0.00";"0.00";"";"0";"";"0.00";"";"0";"";"0.00";"0.00";"0.00";"";"0";"";"0.00";"";"0";"";"0.00";"0.00";"0.00";"";"0";"";"0.00";"";"0";"";"0.00";"0.00";"34.95";"1";"0";"0.00"
"SmellWell - XL Scented Shoe Deodorizer Inserts - Odor Eliminators - Activated Bamboo Charcoal + Minerals - Natural Freshener Inserts for Shoes, Boots, Bags, Cars - 2 x 4.4oz XL Size Camo Grey";"2509";"B07VXS6L9F";"0";"0";"0.00";"0";"0.00";"0";"0.00";"0.00";"";"0";"";"0.00";"";"0";"";"0.00";"0.00";"0.00";"";"0";"";"0.00";"";"0";"";"0.00";"0.00";"0.00";"";"0";"";"0.00";"";"0";"";"0.00";"0.00";"0.00";"";"0";"";"0.00";"";"0";"";"0.00";"0.00";"0.00";"";"0";"";"0.00";"";"0";"";"0.00";"0.00";"0.00";"";"0";"";"0.00";"";"0";"";"0.00";"0.00";"0.00";"";"0";"";"0.00";"";"0";"";"0.00";"0.00";"0.00";"";"0";"";"0.00";"";"0";"";"0.00";"0.00";"20.95";"";"1";"";"13.03";"";"0";"";"0.00";"0.00";"20.95";"1";"0";"0.00"
"SmellWell - XL Scented Shoe Deodorizer Inserts - Odor Eliminators - Activated Bamboo Charcoal + Minerals - Natural Freshener Inserts for Shoes, Boots, Bags, Cars - 2 x 4.4oz XL Size Camo Grey";"4X-K06O-8IQX";"B07VXS6L9F";"0";"82";"17.95";"1";"3.51";"0";"0.00";"0.00";"-100.00";"0";"-100.00";"0.00";"-100.00";"0";"";"0.00";"0.00";"0.00";"";"0";"";"-0.12";"";"0";"";"0.00";"0.00";"0.00";"";"0";"";"-0.03";"-75.00";"0";"";"0.00";"0.00";"0.00";"";"0";"";"0.00";"-100.00";"0";"";"0.00";"0.00";"0.00";"";"0";"";"0.00";"";"0";"";"0.00";"0.00";"0.00";"";"0";"";"0.00";"";"0";"";"0.00";"0.00";"0.00";"";"0";"";"0.00";"";"0";"";"0.00";"0.00";"0.00";"";"0";"";"0.00";"";"0";"";"0.00";"0.00";"0.00";"";"0";"";"0.00";"";"0";"";"0.00";"0.00";"17.95";"1";"0";"0.00"
"SmellWell - XL Scented Shoe Deodorizer Inserts - Odor Eliminators - Activated Bamboo Charcoal + Minerals - Natural Freshener Inserts for Shoes, Boots, Bags, Cars - 2 x 4.4oz XL Size Silver Grey";"BT-FOQ3-UXY1";"B07W7LQYSZ";"0";"136";"0.00";"0";"6.14";"0";"0.00";"0.00";"";"0";"";"0.00";"-100.00";"0";"";"0.00";"0.00";"0.00";"";"0";"";"-1.14";"";"0";"";"0.00";"0.00";"0.00";"";"0";"";"-0.03";"-97.37";"0";"";"0.00";"0.00";"0.00";"";"0";"";"0.00";"-100.00";"0";"";"0.00";"0.00";"0.00";"";"0";"";"0.00";"";"0";"";"0.00";"0.00";"0.00";"";"0";"";"0.00";"";"0";"";"0.00";"0.00";"17.95";"";"1";"";"6.26";"";"0";"";"0.00";"0.00";"0.00";"-100.00";"0";"-100.00";"-0.06";"-100.96";"0";"";"0.00";"0.00";"0.00";"";"0";"";"0.00";"-100.00";"0";"";"0.00";"0.00";"17.95";"1";"0";"0.00"
"SmellWell Freshener Bag - Hawaii Floral - The Ultimate Shoebag With Built In Activated Bamboo Charcoal Inserts for Odor Eliminating and Moisture Absorbing - Keep shoes and smaller gear fresh longer";"6013-FBM";"B09FVN87PX";"0";"0";"0.00";"0";"0.00";"0";"0.00";"0.00";"";"0";"";"0.00";"";"0";"";"0.00";"0.00";"0.00";"";"0";"";"-0.12";"";"0";"";"0.00";"0.00";"0.00";"";"0";"";"-0.03";"-75.00";"0";"";"0.00";"0.00";"0.00";"";"0";"";"0.00";"-100.00";"0";"";"0.00";"0.00";"0.00";"";"0";"";"0.00";"";"0";"";"0.00";"0.00";"0.00";"";"0";"";"0.00";"";"0";"";"0.00";"0.00";"0.00";"";"0";"";"0.00";"";"0";"";"0.00";"0.00";"0.00";"";"0";"";"0.00";"";"0";"";"0.00";"0.00";"0.00";"";"0";"";"0.00";"";"0";"";"0.00";"0.00";"0.00";"0";"0";"0.00"
"SmellWell Odor Eliminating Air Purifying Bags (1 Pack | 100g) Activated Bamboo Charcoal Air Freshener for use from Gym to Car to Home (Maxi)";"0412";"B09L58BYS2";"0";"0";"0.00";"0";"0.00";"0";"0.00";"0.00";"";"0";"";"0.00";"";"0";"";"0.00";"0.00";"0.00";"";"0";"";"-0.12";"";"0";"";"0.00";"0.00";"0.00";"";"0";"";"-0.03";"-75.00";"0";"";"0.00";"0.00";"0.00";"";"0";"";"0.00";"-100.00";"0";"";"0.00";"0.00";"0.00";"";"0";"";"0.00";"";"0";"";"0.00";"0.00";"0.00";"";"0";"";"0.00";"";"0";"";"0.00";"0.00";"0.00";"";"0";"";"0.00";"";"0";"";"0.00";"0.00";"0.00";"";"0";"";"0.00";"";"0";"";"0.00";"0.00";"0.00";"";"0";"";"0.00";"";"0";"";"0.00";"0.00";"0.00";"0";"0";"0.00"
"SmellWell Odor Eliminating Air Purifying Bags (1 Pack | 100g) Activated Bamboo Charcoal Air Freshener for use from Gym to Car to Home (Maxi)";"412";"B09L58BYS2";"0";"0";"0.00";"0";"0.00";"0";"0.00";"0.00";"";"0";"";"0.00";"";"0";"";"0.00";"0.00";"0.00";"";"0";"";"-0.12";"";"0";"";"0.00";"0.00";"0.00";"";"0";"";"-0.03";"-75.00";"0";"";"0.00";"0.00";"0.00";"";"0";"";"0.00";"-100.00";"0";"";"0.00";"0.00";"0.00";"";"0";"";"0.00";"";"0";"";"0.00";"0.00";"0.00";"";"0";"";"0.00";"";"0";"";"0.00";"0.00";"0.00";"";"0";"";"0.00";"";"0";"";"0.00";"0.00";"0.00";"";"0";"";"0.00";"";"0";"";"0.00";"0.00";"0.00";"";"0";"";"0.00";"";"0";"";"0.00";"0.00";"0.00";"0";"0";"0.00"
"SmellWell - Scented Shoe Deodorizer Inserts - Odor Eliminators - Activated Bamboo Charcoal + Minerals - Natural Freshenes for shoes, bags, gloves - 2 x 1.8oz Original Size Silver";"1711";"B0BSLQF537";"0";"0";"0.00";"0";"0.00";"0";"0.00";"0.00";"";"0";"";"0.00";"";"0";"";"0.00";"0.00";"0.00";"";"0";"";"-0.12";"";"0";"";"0.00";"0.00";"0.00";"";"0";"";"-0.03";"-75.00";"0";"";"0.00";"0.00";"0.00";"";"0";"";"0.00";"-100.00";"0";"";"0.00";"0.00";"0.00";"";"0";"";"0.00";"";"0";"";"0.00";"0.00";"0.00";"";"0";"";"0.00";"";"0";"";"0.00";"0.00";"0.00";"";"0";"";"0.00";"";"0";"";"0.00";"0.00";"0.00";"";"0";"";"0.00";"";"0";"";"0.00";"0.00";"0.00";"";"0";"";"0.00";"";"0";"";"0.00";"0.00";"0.00";"0";"0";"0.00"
"SmellWell Odor Eliminating Air Purifying Bags (2 Pack | 100g) Activated Bamboo Charcoal Air Freshener for use from Gym to Car to Home (Black Stone, Original XL)";"QD-H3G1-3WUG";"B07VYVGRM6";"0";"0";"0.00";"0";"0.00";"0";"0.00";"0.00";"";"0";"";"0.00";"";"0";"";"0.00";"0.00";"0.00";"";"0";"";"-0.12";"";"0";"";"0.00";"0.00";"0.00";"";"0";"";"-0.03";"-75.00";"0";"";"0.00";"0.00";"0.00";"";"0";"";"0.00";"-100.00";"0";"";"0.00";"0.00";"0.00";"";"0";"";"0.00";"";"0";"";"0.00";"0.00";"0.00";"";"0";"";"0.00";"";"0";"";"0.00";"0.00";"0.00";"";"0";"";"0.00";"";"0";"";"0.00";"0.00";"0.00";"";"0";"";"0.00";"";"0";"";"0.00";"0.00";"0.00";"";"0";"";"0.00";"";"0";"";"0.00";"0.00";"0.00";"0";"0";"0.00"
"SmellWell Odor Eliminating Air Purifying Bags (2 Pack | 100g) Activated Bamboo Charcoal Air Freshener for use from Gym to Car to Home (Blue, Unscented)";"3W-7YOB-UPKF";"B07VWSN19P";"0";"0";"0.00";"0";"0.00";"0";"0.00";"0.00";"";"0";"";"0.00";"";"0";"";"0.00";"0.00";"0.00";"";"0";"";"-0.12";"";"0";"";"0.00";"0.00";"0.00";"";"0";"";"-0.03";"-75.00";"0";"";"0.00";"0.00";"0.00";"";"0";"";"0.00";"-100.00";"0";"";"0.00";"0.00";"0.00";"";"0";"";"0.00";"";"0";"";"0.00";"0.00";"0.00";"";"0";"";"0.00";"";"0";"";"0.00";"0.00";"0.00";"";"0";"";"0.00";"";"0";"";"0.00";"0.00";"0.00";"";"0";"";"0.00";"";"0";"";"0.00";"0.00";"0.00";"";"0";"";"0.00";"";"0";"";"0.00";"0.00";"0.00";"0";"0";"0.00"
"SmellWell Odor Eliminating Air Purifying Bags (2 Pack | 250g XL) Activated Bamboo Charcoal Air Freshener for use from Gym to Car to Home (Green, Unscented XL)";"HJ-244K-3P1V";"B07VVMRQS7";"0";"0";"0.00";"0";"0.00";"0";"0.00";"0.00";"";"0";"";"0.00";"";"0";"";"0.00";"0.00";"0.00";"";"0";"";"-0.12";"";"0";"";"0.00";"0.00";"0.00";"";"0";"";"-0.03";"-75.00";"0";"";"0.00";"0.00";"0.00";"";"0";"";"0.00";"-100.00";"0";"";"0.00";"0.00";"0.00";"";"0";"";"0.00";"";"0";"";"0.00";"0.00";"0.00";"";"0";"";"0.00";"";"0";"";"0.00";"0.00";"0.00";"";"0";"";"0.00";"";"0";"";"0.00";"0.00";"0.00";"";"0";"";"0.00";"";"0";"";"0.00";"0.00";"0.00";"";"0";"";"0.00";"";"0";"";"0.00";"0.00";"0.00";"0";"0";"0.00"
"SmellWell - Scented Shoe Deodorizer Inserts - Odor Eliminators - Activated Bamboo Charcoal + Minerals - Natural Freshenes for shoes, bags, gloves - 2 x 1.8oz Original Size Black Zebra";"FBA178QC24LL.MISSING3";"B07P15RVRP";"778";"-89";"0.00";"0";"0.00";"0";"0.00";"0.00";"";"0";"";"5.98";"";"0";"";"0.00";"0.00";"0.00";"";"0";"";"16.64";"178.26";"0";"";"0.00";"0.00";"0.00";"";"0";"";"-8.32";"-150.00";"0";"";"0.00";"0.00";"0.00";"";"0";"";"2.34";"-128.13";"0";"";"0.00";"0.00";"0.00";"";"0";"";"0.00";"-100.00";"0";"";"0.00";"0.00";"0.00";"";"0";"";"0.00";"";"0";"";"0.00";"0.00";"0.00";"";"0";"";"0.00";"";"0";"";"0.00";"0.00";"0.00";"";"0";"";"0.00";"";"0";"";"0.00";"0.00";"0.00";"";"0";"";"0.00";"";"0";"";"0.00";"0.00";"0.00";"0";"0";"0.00"
"SmellWell - Scented Shoe Deodorizer Inserts - Odor Eliminators - Activated Bamboo Charcoal + Minerals - Natural Freshenes for Shoes, Bags, Gloves - 2 x 1.8oz Original Size Hawaii Floral";"FBA178QC24LL.MISSING1";"B07N789J5K";"0";"0";"0.00";"0";"-3.71";"0";"0.00";"0.00";"";"0";"";"-1.34";"-63.88";"0";"";"0.00";"0.00";"0.00";"";"0";"";"-1.34";"";"0";"";"0.00";"0.00";"0.00";"";"0";"";"-2.13";"58.96";"0";"";"0.00";"0.00";"0.00";"";"0";"";"-2.77";"30.05";"0";"";"0.00";"0.00";"0.00";"";"0";"";"-3.51";"26.71";"0";"";"0.00";"0.00";"0.00";"";"0";"";"-9.62";"174.07";"0";"";"0.00";"0.00";"0.00";"";"0";"";"-10.03";"4.26";"0";"";"0.00";"0.00";"0.00";"";"0";"";"0.00";"-100.00";"0";"";"0.00";"0.00";"0.00";"";"0";"";"0.00";"";"0";"";"0.00";"0.00";"0.00";"0";"0";"0.00"
"SmellWell - Scented Shoe Deodorizer Inserts - Odor Eliminators - Activated Bamboo Charcoal + Minerals - Natural Freshenes for shoes, bags, gloves - 2";"HW-L5A0-F1BN";"B07VWSMRBH";"778";"0";"0.00";"0";"-4.54";"0";"0.00";"0.00";"";"0";"";"-1.66";"-63.44";"0";"";"0.00";"0.00";"0.00";"";"0";"";"-1.66";"";"0";"";"0.00";"0.00";"0.00";"";"0";"";"-1.69";"1.81";"0";"";"0.00";"0.00";"0.00";"";"0";"";"-1.53";"-9.47";"0";"";"0.00";"0.00";"0.00";"";"0";"";"-1.50";"-1.96";"0";"";"0.00";"0.00";"0.00";"";"0";"";"0.00";"-100.00";"0";"";"0.00";"0.00";"0.00";"";"0";"";"0.00";"";"0";"";"0.00";"0.00";"0.00";"";"0";"";"0.00";"";"0";"";"0.00";"0.00";"0.00";"";"0";"";"0.00";"";"0";"";"0.00";"0.00";"0.00";"0";"0";"0.00"
"SmellWell Odour Eliminating Air Purifying Bags (2 Pack | 250g) Activated Bamboo Charcoal Air Freshener for use from Gym to Car to Home (Black Stone, XL)";"U6-M8SI-RQ6A";"B07P3FHFTF";"0";"0";"0.00";"0";"-2.92";"0";"0.00";"0.00";"";"0";"";"0.00";"-100.00";"0";"";"0.00";"0.00";"0.00";"";"0";"";"0.00";"";"0";"";"0.00";"0.00";"0.00";"";"0";"";"0.00";"";"0";"";"0.00";"0.00";"0.00";"";"0";"";"-1.53";"";"0";"";"0.00";"0.00";"0.00";"";"0";"";"-0.01";"-99.35";"0";"";"0.00";"0.00";"0.00";"";"0";"";"0.00";"-100.00";"0";"";"0.00";"0.00";"0.00";"";"0";"";"0.00";"";"0";"";"0.00";"0.00";"0.00";"";"0";"";"0.00";"";"0";"";"0.00";"0.00";"0.00";"";"0";"";"0.00";"";"0";"";"0.00";"0.00";"0.00";"0";"0";"0.00"
"SmellWell - Scented Shoe Deodorizer Inserts - Odor Eliminators - Activated Bamboo Charcoal + Minerals - Natural Freshenes for shoes, bags, gloves - 2 x 1.8oz Original Size Camo Green";"FBA178QC24LL.MISSING2";"B07P3FHFT7";"0";"0";"0.00";"0";"-67.14";"0";"0.00";"0.00";"";"0";"";"-2.10";"-96.87";"0";"";"0.00";"0.00";"0.00";"";"0";"";"-0.02";"-99.05";"0";"";"0.00";"0.00";"0.00";"";"0";"";"0.00";"-100.00";"0";"";"0.00";"0.00";"0.00";"";"0";"";"0.00";"";"0";"";"0.00";"0.00";"0.00";"";"0";"";"0.00";"";"0";"";"0.00";"0.00";"0.00";"";"0";"";"0.00";"";"0";"";"0.00";"0.00";"0.00";"";"0";"";"0.00";"";"0";"";"0.00";"0.00";"0.00";"";"0";"";"0.00";"";"0";"";"0.00";"0.00";"0.00";"";"0";"";"0.00";"";"0";"";"0.00";"0.00";"0.00";"0";"0";"0.00"
"SmellWell XL Sensitive Odor Eliminator + Shoe deodorizer (2 Pack, 250g) Activated Bamboo Charcoal + Minerals - Air Purifying Bags - Natural Freshener Inserts for shoes, boots, bags, cars and more";"0W-2F1R-0PDW";"B07VYVYPBV";"0";"0";"0.00";"0";"0.00";"0";"0.00";"0.00";"";"0";"";"0.00";"";"0";"";"0.00";"0.00";"0.00";"";"0";"";"-0.12";"";"0";"";"0.00";"0.00";"0.00";"";"0";"";"-0.03";"-75.00";"0";"";"0.00";"0.00";"0.00";"";"0";"";"0.00";"-100.00";"0";"";"0.00";"0.00";"0.00";"";"0";"";"0.00";"";"0";"";"0.00";"0.00";"0.00";"";"0";"";"0.00";"";"0";"";"0.00";"0.00";"0.00";"";"0";"";"0.00";"";"0";"";"0.00";"0.00";"0.00";"";"0";"";"0.00";"";"0";"";"0.00";"0.00";"0.00";"";"0";"";"0.00";"";"0";"";"0.00";"0.00";"0.00";"0";"0";"0.00"
"SmellWell - XL Scented Shoe Deodorizer Inserts - Odor Eliminators - Activated Bamboo Charcoal + Minerals - Natural Freshener Inserts for Shoes, Boots, Bags, Cars - 2 x 4.4oz XL Size Tropical Floral";"2510";"B07W44PRLN";"0";"0";"0.00";"0";"0.00";"0";"0.00";"0.00";"";"0";"";"0.00";"";"0";"";"0.00";"0.00";"0.00";"";"0";"";"-0.12";"";"0";"";"0.00";"0.00";"0.00";"";"0";"";"-0.03";"-75.00";"0";"";"0.00";"0.00";"0.00";"";"0";"";"0.00";"-100.00";"0";"";"0.00";"0.00";"0.00";"";"0";"";"0.00";"";"0";"";"0.00";"0.00";"0.00";"";"0";"";"0.00";"";"0";"";"0.00";"0.00";"0.00";"";"0";"";"0.00";"";"0";"";"0.00";"0.00";"0.00";"";"0";"";"0.00";"";"0";"";"0.00";"0.00";"0.00";"";"0";"";"0.00";"";"0";"";"0.00";"0.00";"0.00";"0";"0";"0.00"
"SmellWell Freshener Bag XL - Camouflage - The Ultimate Shoebag With Built In Activated Bamboo Charcoal Inserts for Odor Eliminating and Moisture Absorbing - Keep shoes and gear fresh longer";"6114-FBM";"B09FVG1X9C";"0";"0";"0.00";"0";"0.00";"0";"0.00";"0.00";"";"0";"";"0.00";"";"0";"";"0.00";"0.00";"0.00";"";"0";"";"-0.12";"";"0";"";"0.00";"0.00";"0.00";"";"0";"";"-0.03";"-75.00";"0";"";"0.00";"0.00";"0.00";"";"0";"";"0.00";"-100.00";"0";"";"0.00";"0.00";"0.00";"";"0";"";"0.00";"";"0";"";"0.00";"0.00";"0.00";"";"0";"";"0.00";"";"0";"";"0.00";"0.00";"0.00";"";"0";"";"0.00";"";"0";"";"0.00";"0.00";"0.00";"";"0";"";"0.00";"";"0";"";"0.00";"0.00";"0.00";"";"0";"";"0.00";"";"0";"";"0.00";"0.00";"0.00";"0";"0";"0.00"
"SmellWell - Scented Shoe Deodorizer Inserts - Odor Eliminators - Activated Bamboo Charcoal + Minerals - Natural Freshenes for Shoes, Bags, Gloves - 2 x 1.8oz Original Size Pink Zebra";"1513";"B07NY341FJ";"0";"0";"0.00";"0";"0.00";"0";"0.00";"0.00";"";"0";"";"0.00";"";"0";"";"0.00";"0.00";"0.00";"";"0";"";"0.00";"";"0";"";"0.00";"0.00";"0.00";"";"0";"";"0.00";"";"0";"";"0.00";"0.00";"0.00";"";"0";"";"0.00";"";"0";"";"0.00";"0.00";"0.00";"";"0";"";"0.00";"";"0";"";"0.00";"0.00";"0.00";"";"0";"";"0.00";"";"0";"";"0.00";"0.00";"0.00";"";"0";"";"-4.41";"";"0";"";"0.00";"0.00";"0.00";"";"0";"";"0.00";"-100.00";"0";"";"0.00";"0.00";"0.00";"";"0";"";"0.00";"";"0";"";"0.00";"0.00";"0.00";"0";"0";"0.00"
"SmellWell Freshener Bag XL - Pink - The Ultimate Shoebag With Built In Activated Bamboo Charcoal Inserts for Odor Eliminating and Moisture Absorbing - Keep shoes and gear fresh longer";"6111-FBM";"B09FVG3G82";"0";"0";"0.00";"0";"0.00";"0";"0.00";"0.00";"";"0";"";"0.00";"";"0";"";"0.00";"0.00";"0.00";"";"0";"";"-0.12";"";"0";"";"0.00";"0.00";"0.00";"";"0";"";"-0.03";"-75.00";"0";"";"0.00";"0.00";"0.00";"";"0";"";"0.00";"-100.00";"0";"";"0.00";"0.00";"0.00";"";"0";"";"0.00";"";"0";"";"0.00";"0.00";"0.00";"";"0";"";"0.00";"";"0";"";"0.00";"0.00";"0.00";"";"0";"";"0.00";"";"0";"";"0.00";"0.00";"0.00";"";"0";"";"0.00";"";"0";"";"0.00";"0.00";"0.00";"";"0";"";"0.00";"";"0";"";"0.00";"0.00";"0.00";"0";"0";"0.00"
"SmellWell Freshener Bag XL - Hawaii Floral - The Ultimate Shoebag With Built In Activated Bamboo Charcoal Inserts for Odor Eliminating and Moisture Absorbing - Keep shoes and gear fresh longer";"6113-FBM";"B09FVK5BG3";"0";"0";"0.00";"0";"0.00";"0";"0.00";"0.00";"";"0";"";"0.00";"";"0";"";"0.00";"0.00";"0.00";"";"0";"";"-0.12";"";"0";"";"0.00";"0.00";"0.00";"";"0";"";"-0.03";"-75.00";"0";"";"0.00";"0.00";"0.00";"";"0";"";"0.00";"-100.00";"0";"";"0.00";"0.00";"0.00";"";"0";"";"0.00";"";"0";"";"0.00";"0.00";"0.00";"";"0";"";"0.00";"";"0";"";"0.00";"0.00";"0.00";"";"0";"";"0.00";"";"0";"";"0.00";"0.00";"0.00";"";"0";"";"0.00";"";"0";"";"0.00";"0.00";"0.00";"";"0";"";"0.00";"";"0";"";"0.00";"0.00";"0.00";"0";"0";"0.00"
"SmellWell Freshener Bag - Black - The Ultimate Shoebag With Built In Activated Bamboo Charcoal Inserts for Odor Eliminating and Moisture Absorbing - Keep shoes and smaller gear fresh longer";"6009-FBM";"B09FVML51L";"0";"0";"0.00";"0";"0.00";"0";"0.00";"0.00";"";"0";"";"0.00";"";"0";"";"0.00";"0.00";"0.00";"";"0";"";"-0.12";"";"0";"";"0.00";"0.00";"0.00";"";"0";"";"-0.03";"-75.00";"0";"";"0.00";"0.00";"0.00";"";"0";"";"0.00";"-100.00";"0";"";"0.00";"0.00";"0.00";"";"0";"";"0.00";"";"0";"";"0.00";"0.00";"0.00";"";"0";"";"0.00";"";"0";"";"0.00";"0.00";"0.00";"";"0";"";"0.00";"";"0";"";"0.00";"0.00";"0.00";"";"0";"";"0.00";"";"0";"";"0.00";"0.00";"0.00";"";"0";"";"0.00";"";"0";"";"0.00";"0.00";"0.00";"0";"0";"0.00"
"Totals";"0.00";"0.00";"0.00";"0.00";"18,376.75";"1,314";"-127.70";"17";"1.29";"19,948.75";"8.55";"1,525";"16.06";"-5.35";"-95.81";"14";"-17.65";"0.92";"-29.04";"15,923.15";"-20.18";"1,039";"-31.87";"2,501.56";"-46,858.13";"17";"21.43";"1.64";"78.23";"11,407.05";"-28.36";"743";"-28.49";"536.98";"-78.53";"9";"-47.06";"1.21";"-25.97";"9,412.00";"-17.49";"620";"-16.55";"529.55";"-1.38";"12";"33.33";"1.94";"59.78";"7,994.60";"-15.06";"450";"-27.42";"1,073.77";"102.77";"4";"-66.67";"0.89";"-54.07";"14,079.85";"76.12";"925";"105.56";"1,590.25";"48.10";"16";"300.00";"1.73";"94.59";"27,467.20";"95.08";"1,882";"103.46";"7,090.40";"345.87";"20";"25.00";"1.06";"-38.56";"20,100.65";"-26.82";"1,389";"-26.20";"2,913.89";"-58.90";"28";"40.00";"2.02";"89.69";"2,345.65";"-88.33";"159";"-88.55";"481.03";"-83.49";"1";"-96.43";"0.63";"-68.80";"147,055.65";"10,046";"138";"1.37"
